day,time,type,course,detail,player,notes,a1,a2,a3,a4,b1,b2,b3,b4,c1,c2,c3,c4,d1,d2,d3,d4
Wednesday,10:51am,TRAVEL-IN,,United 2137,Blake,ORD 10:51am - lands RSW 2:57pm,,,,,,,,,,,,,,,,
Wednesday,12:00pm,OTHER,RSW,Pick up the car,,Avis - Lincoln Navigator - res 27000625US1,,,,,,,,,,,,,,,,
Thursday,8:15am,ROUND-CASUAL,Hammock Bay,,,Five players - fivesome cleared by Scott Lien - not an EI round,,,,,,,,,,,,,,,,
Thursday,1:03pm,ROUND,Hammock Bay,,,Two tee times - 1:03 and 1:12 - all eight play as one group - tees: Daniel & Jake Black / Dan & Adam Blue / Blake & Jason Members / Howard & Luke Purple,,,,,,,,,,,,,,,,
Thursday,,GAME,,2V2V2V2-8,,,Daniel,Jake,,,Dan,Adam,,,Blake,Jason,,,Howard,Luke,,
Thursday,7:00pm,MEAL,4270 Gulfshore Blvd N,Bayside Seafood Grill & Bar,,Table for 8 - conf 2110372625 - (239) 649-5552,,,,,,,,,,,,,,,,
Friday,8:00am,ROUND,Tiburon - Gold,,,Two tee times - 8:00 and 8:10 - $219 per player,,,,,,,,,,,,,,,,
Friday,,GAME,,40BALL,,,Howard,Jake,Jason,Adam,Dan,Daniel,Blake,Luke,,,,,,,,
Friday,1:00pm,ROUND,Tiburon - Gold,,,Replay - 1:00 and 1:10 - $99 per player,,,,,,,,,,,,,,,,
Friday,,GAME,,SCRAMBLE4,,,Adam,Howard,Blake,Dan,Luke,Jake,Daniel,Jason,,,,,,,,
Friday,6:30pm,MEAL,Naples,Da Vinci Ristorante,,Table for 8,,,,,,,,,,,,,,,,
Saturday,9:45am,ROUND,Rookery at Marco,,,Two tee times - 9:45 and 9:54 - $189 per player,,,,,,,,,,,,,,,,
Saturday,,GAME,,BESTBALL,,,Blake,Howard,,,Jason,Luke,,,,,,,,,,
Saturday,,GAME,,BESTBALL,,,Dan,Jake,,,Daniel,Adam,,,,,,,,,,
Saturday,2:30pm,ROUND,Rookery at Marco,,,Straight after round one - confirm the tee time with Scott,,,,,,,,,,,,,,,,
Saturday,,GAME,,SCRAMBLE3,,,Blake,Adam,Jake,,Jason,Dan,Daniel,,,,,,,,,
Saturday,7:30pm,MEAL,1177 3rd St South,Campiello - Naples,,Table for 8 - conf 2110996575 - (239) 435-1166,,,,,,,,,,,,,,,,
Sunday,12:00pm,OTHER,RSW,Return the car,,Avis res 27000625US1,,,,,,,,,,,,,,,,
Sunday,2:12pm,TRAVEL-OUT,,United 2472,Blake,RSW 2:12pm - ORD 4:22pm,,,,,,,,,,,,,,,,
